{"cameraMode":{"drawMode":0,"name":"Shaded","section":"Shading Mode"},"sceneLighting":true,"audioPlay":false,"sceneViewState":{"m_AlwaysRefresh":false,"showFog":true,"showSkybox":true,"showFlares":true,"showImageEffects":true,"showParticleSystems":true,"showVisualEffectGraphs":true,"m_FxEnabled":true},"in2DMode":false,"pivot":{"x":62.78998565673828,"y":0.04999999701976776,"z":34.14753341674805},"rotation":{"x":-0.22136560082435609,"y":0.7154672741889954,"z":-0.25977689027786257,"w":-0.6095512509346008},"size":0.10183948278427124,"orthographic":false}