{"cameraMode":{"drawMode":0,"name":"Shaded","section":"Shading Mode"},"sceneLighting":true,"audioPlay":false,"sceneViewState":{"m_AlwaysRefresh":false,"showFog":true,"showSkybox":true,"showFlares":true,"showImageEffects":true,"showParticleSystems":true,"showVisualEffectGraphs":true,"m_FxEnabled":true},"in2DMode":false,"pivot":{"x":14.925978660583496,"y":0.47392675280570986,"z":20.175241470336915},"rotation":{"x":0.08339466899633408,"y":0.2298666089773178,"z":-0.01977066695690155,"w":0.9694505333900452},"size":12.124356269836426,"orthographic":false}