{"cameraMode":{"drawMode":0,"name":"Shaded","section":"Shading Mode"},"sceneLighting":true,"audioPlay":false,"sceneViewState":{"m_AlwaysRefresh":false,"showFog":true,"showSkybox":true,"showFlares":true,"showImageEffects":true,"showParticleSystems":true,"showVisualEffectGraphs":true,"m_FxEnabled":true},"in2DMode":false,"pivot":{"x":62.584938049316409,"y":2.4202587604522707,"z":63.8048095703125},"rotation":{"x":0.10833999514579773,"y":-0.8754887580871582,"z":0.23132355511188508,"w":0.4100829064846039},"size":0.8660253882408142,"orthographic":false}