{"cameraMode":{"drawMode":0,"name":"Shaded","section":"Shading Mode"},"sceneLighting":true,"audioPlay":false,"sceneViewState":{"m_AlwaysRefresh":false,"showFog":true,"showSkybox":true,"showFlares":true,"showImageEffects":true,"showParticleSystems":true,"showVisualEffectGraphs":true,"m_FxEnabled":true},"in2DMode":false,"pivot":{"x":13.032732009887696,"y":2.8389031887054445,"z":9.050092697143555},"rotation":{"x":0.04711867496371269,"y":-0.9523339867591858,"z":0.19583551585674287,"w":0.22912520170211793},"size":0.8660253882408142,"orthographic":false}