{"cameraMode":{"drawMode":0,"name":"Shaded","section":"Shading Mode"},"sceneLighting":false,"audioPlay":false,"sceneViewState":{"m_AlwaysRefresh":false,"showFog":true,"showSkybox":false,"showFlares":true,"showImageEffects":true,"showParticleSystems":true,"showVisualEffectGraphs":true,"m_FxEnabled":true},"in2DMode":false,"pivot":{"x":-0.0014147758483886719,"y":32.797943115234378,"z":-828.427001953125},"rotation":{"x":0.1311541497707367,"y":-0.47722598910331728,"z":0.07226842641830445,"w":0.8659445643424988},"size":15.483683586120606,"orthographic":false}