{"cameraMode":{"drawMode":0,"name":"Shaded","section":"Shading Mode"},"sceneLighting":false,"audioPlay":false,"sceneViewState":{"m_AlwaysRefresh":false,"showFog":true,"showSkybox":false,"showFlares":true,"showImageEffects":true,"showParticleSystems":true,"showVisualEffectGraphs":true,"m_FxEnabled":true},"in2DMode":false,"pivot":{"x":2.9753921031951906,"y":5.7715983390808109,"z":-4.3440399169921879},"rotation":{"x":-0.008803184144198895,"y":-0.9333800077438355,"z":0.35806629061698916,"w":-0.022946743294596673},"size":7.874781608581543,"orthographic":false}