{"cameraMode":{"drawMode":0,"name":"Shaded","section":"Shading Mode"},"sceneLighting":false,"audioPlay":false,"sceneViewState":{"m_AlwaysRefresh":false,"showFog":true,"showSkybox":false,"showFlares":true,"showImageEffects":true,"showParticleSystems":true,"showVisualEffectGraphs":true,"m_FxEnabled":true},"in2DMode":false,"pivot":{"x":8.161026000976563,"y":0.5551447868347168,"z":20.415376663208009},"rotation":{"x":-0.0032122237607836725,"y":0.9952297806739807,"z":-0.034655407071113589,"w":-0.09133347868919373},"size":1.442310094833374,"orthographic":false}