{"cameraMode":{"drawMode":0,"name":"Shaded","section":"Shading Mode"},"sceneLighting":false,"audioPlay":false,"sceneViewState":{"m_AlwaysRefresh":false,"showFog":true,"showSkybox":false,"showFlares":true,"showImageEffects":true,"showParticleSystems":true,"showVisualEffectGraphs":true,"m_FxEnabled":true},"in2DMode":false,"pivot":{"x":6.761422157287598,"y":1.4852536916732789,"z":22.846782684326173},"rotation":{"x":0.16972680389881135,"y":-0.26794788241386416,"z":0.048005107790231708,"w":0.9471646547317505},"size":0.774185299873352,"orthographic":false}