{"cameraMode":{"drawMode":0,"name":"Shaded","section":"Shading Mode"},"sceneLighting":false,"audioPlay":false,"sceneViewState":{"m_AlwaysRefresh":false,"showFog":true,"showSkybox":false,"showFlares":true,"showImageEffects":true,"showParticleSystems":true,"showVisualEffectGraphs":true,"m_FxEnabled":true},"in2DMode":false,"pivot":{"x":25.676410675048829,"y":-29.767539978027345,"z":10.102740287780762},"rotation":{"x":0.35828784108161929,"y":0.5052951574325562,"z":-0.24213428795337678,"w":0.746462881565094},"size":30.622562408447267,"orthographic":false}