{"cameraMode":{"drawMode":0,"name":"Shaded","section":"Shading Mode"},"sceneLighting":false,"audioPlay":false,"sceneViewState":{"m_AlwaysRefresh":false,"showFog":true,"showSkybox":false,"showFlares":true,"showImageEffects":true,"showParticleSystems":true,"showVisualEffectGraphs":true,"m_FxEnabled":true},"in2DMode":false,"pivot":{"x":9.316742897033692,"y":2.0835673809051515,"z":21.579504013061525},"rotation":{"x":0.04149278253316879,"y":0.4263959527015686,"z":-0.019584164023399354,"w":0.9033753275871277},"size":18.913537979125978,"orthographic":false}