{"cameraMode":{"drawMode":0,"name":"Shaded","section":"Shading Mode"},"sceneLighting":true,"audioPlay":false,"sceneViewState":{"m_AlwaysRefresh":false,"showFog":true,"showSkybox":true,"showFlares":true,"showImageEffects":true,"showParticleSystems":true,"showVisualEffectGraphs":true,"m_FxEnabled":true},"in2DMode":false,"pivot":{"x":1.0519812107086182,"y":12.326931953430176,"z":3.9798052310943605},"rotation":{"x":-0.026209553703665735,"y":-0.8698723316192627,"z":0.4903590977191925,"w":-0.04648977145552635},"size":0.003235786221921444,"orthographic":false}